Unique Key,Titre,Date Publiée,Localisation,Temps Plein,Contrat,Entreprise
"Data Engineer, 80-100% (w,m,d) | Swiss Life AG | 2024/11/09 | Zürich","Data Engineer, 80-100% (w,m,d)",2024/11/09,Zürich,80 – 100%,Durée indéterminée,Swiss Life AG,https://www.jobs.ch/fr/offres-emplois/detail/739c7f30-b22b-4500-b42f-41a77d2e86c0/?source=vacancy_search
Junior Fabrication Engineer | ETH Zürich | 2024/12/01 | Zürich,Junior Fabrication Engineer,2024/12/01,Zürich,100%,Temporaire,ETH Zürich,https://www.jobs.ch/fr/offres-emplois/detail/d8d6971b-34d6-408b-bc29-78ec96047c85/?source=vacancy_search
MES Engineer | Emerson Automation Solutions | 2024/11/27 | Solothurn,MES Engineer,2024/11/27,Solothurn,100%,Durée indéterminée,Emerson Automation Solutions,https://www.jobs.ch/fr/offres-emplois/detail/056a4eb7-9132-4927-8fd5-64a920531bd9/?source=vacancy_search
Process Development Engineer 100% | Schurter AG | 2024/11/13 | Luzern,Process Development Engineer 100%,2024/11/13,Luzern,100%,Durée indéterminée,Schurter AG,https://www.jobs.ch/fr/offres-emplois/detail/0f302b45-9fb1-4dbd-a461-55d29435b8ca/?source=vacancy_search
DevOps Engineer C2I | RUAG MRO Holding AG | 2024/11/02 | Dübendorf,DevOps Engineer C2I,2024/11/02,Dübendorf,100%,Durée indéterminée,RUAG MRO Holding AG,https://www.jobs.ch/fr/offres-emplois/detail/577a884b-8894-49f5-8cf6-87cd9e0d7da4/?source=vacancy_search
Production Process Control Engineer | EXALOS AG | 2024/11/12 | Schlieren,Production Process Control Engineer,2024/11/12,Schlieren,80 – 100%,Durée indéterminée,EXALOS AG,https://www.jobs.ch/fr/offres-emplois/detail/0091e8c6-14f3-4d9d-9c0e-84e9b76d3ac8/?source=vacancy_search
Senior FPGA Engineer (f/m/d) | Leica Geosystems AG | 2024/11/20 | Heerbrugg,Senior FPGA Engineer (f/m/d),2024/11/20,Heerbrugg,100%,Durée indéterminée,Leica Geosystems AG,https://www.jobs.ch/fr/offres-emplois/detail/af79652d-98a8-4ec8-b285-e33bb6ab2fa2/?source=vacancy_search
Ingegnere in geologia o geotecnico 80-100% | Marti Dienstleistungen AG | 2024/11/21 | Airolo,Ingegnere in geologia o geotecnico 80-100%,2024/11/21,Airolo,80 – 100%,Durée indéterminée,Marti Dienstleistungen AG,https://www.jobs.ch/fr/offres-emplois/detail/c17379b8-2368-48df-8d07-8fae04f80435/?source=vacancy_search
DevOps Engineer C2I | RUAG MRO Holding AG | 2024/11/16 | Thun,DevOps Engineer C2I,2024/11/16,Thun,80 – 100%,Durée indéterminée,RUAG MRO Holding AG,https://www.jobs.ch/fr/offres-emplois/detail/e31fd48d-f10d-492b-a88c-3c126ba59859/?source=vacancy_search
Ingenieur / Konstrukteur (Maschinenbau) (m/w) | Krieger AG | 2024/11/20 | Muttenz,Ingenieur / Konstrukteur (Maschinenbau) (m/w),2024/11/20,Muttenz,100%,Durée indéterminée,Krieger AG,https://www.jobs.ch/fr/offres-emplois/detail/9e61ba43-0245-4f0c-b2fb-5845f6b20230/?source=vacancy_search
Product Development Engineer (w/m/d) 100 % - Moving Spine AG | Universitätsklinik Balgrist | 2024/11/15 | Zürich,Product Development Engineer (w/m/d) 100 % - Moving Spine AG,2024/11/15,Zürich,100%,Durée indéterminée,Universitätsklinik Balgrist,https://www.jobs.ch/fr/offres-emplois/detail/f90d6ab9-f3d3-4d35-8b31-35d9461a6e51/?source=vacancy_search
Projektingenieur Tunnellüftung (m/w/d) | ILF Beratende Ingenieure AG | 2024/11/29 | Zürich,Projektingenieur Tunnellüftung (m/w/d),2024/11/29,Zürich,80 – 100%,Durée indéterminée,ILF Beratende Ingenieure AG,https://www.jobs.ch/fr/offres-emplois/detail/5b43c657-1eb9-4a30-bcc7-5de44c25a6ac/?source=vacancy_search
Tender Layout Engineering Manager | Kanadevia Inova | 2024/11/01 | Zurich,Tender Layout Engineering Manager,2024/11/01,Zurich,100%,Durée indéterminée,Kanadevia Inova,https://www.jobs.ch/fr/offres-emplois/detail/e401aae6-8716-4fa8-82ba-c551c160a621/?source=vacancy_search
Mechanical or Mechatronics Engineers (two positions) | Universität Bern | 2024/11/20 | Bern,Mechanical or Mechatronics Engineers (two positions),2024/11/20,Bern,80 – 100%,Temporaire,Universität Bern,https://www.jobs.ch/fr/offres-emplois/detail/ff29e6fb-876f-4a70-b0d1-3cdb281a0189/?source=vacancy_search
Superintendent Engineer 100% (f/m/d) | Burckhardt Compression AG | 2024/11/04 | Oberwinterthur,Superintendent Engineer 100% (f/m/d),2024/11/04,Oberwinterthur,100%,Durée indéterminée,Burckhardt Compression AG,https://www.jobs.ch/fr/offres-emplois/detail/9327226a-53a2-4c6f-a9cc-5290e117511e/?source=vacancy_search
Fachingenieur:in für Bahnsicherungsanlagen IA und AA 80–100% | Sihltal Zürich Uetliberg Bahn SZU AG | 2024/11/04 | Zürich,Fachingenieur:in für Bahnsicherungsanlagen IA und AA 80–100%,2024/11/04,Zürich,80 – 100%,Durée indéterminée,Sihltal Zürich Uetliberg Bahn SZU AG,https://www.jobs.ch/fr/offres-emplois/detail/9d6c6389-e0c6-4812-8280-ca86c493f98f/?source=vacancy_search
MES Ingenieur 60% - 100% (w/m/d) | worknet ag | 2024/11/26 | Raum Basel,MES Ingenieur 60% - 100% (w/m/d),2024/11/26,Raum Basel,60 – 100%,"Durée indéterminée, Temporaire",worknet ag,https://www.jobs.ch/fr/offres-emplois/detail/6d9dbc9a-17e1-440c-9f55-117914538e7c/?source=vacancy_search
Ingenieur / Projektleiter Produktion (m/w/d) 80-100 % | Medici & Sprecher AG | 2024/11/22 | Raum Zürich – St. Gallen,Ingenieur / Projektleiter Produktion (m/w/d) 80-100 %,2024/11/22,Raum Zürich – St. Gallen,80 – 100%,Durée indéterminée,Medici & Sprecher AG,https://www.jobs.ch/fr/offres-emplois/detail/d02ad87a-b063-4738-8578-c0b54a7bb5dc/?source=vacancy_search
Entwicklungsingenieur Fahrzeugkonstruktion Bus & Trolley (m/w/d) | Carrosserie HESS AG | 2024/11/13 | Bellach,Entwicklungsingenieur Fahrzeugkonstruktion Bus & Trolley (m/w/d),2024/11/13,Bellach,100%,Durée indéterminée,Carrosserie HESS AG,https://www.jobs.ch/fr/offres-emplois/detail/980dcf0d-2d9d-44d8-b004-c491d69f831d/?source=vacancy_search
Pos. 136 Technical Project Manager SERVICE (m/f) | Ansaldo Energia Group | 2024/11/01 | Baden,Pos. 136 Technical Project Manager SERVICE (m/f),2024/11/01,Baden,100%,Durée indéterminée,Ansaldo Energia Group,https://www.jobs.ch/fr/offres-emplois/detail/360affe0-a16b-47eb-b90d-a91848f2bcd9/?source=vacancy_search
Ingénieur chargé de développement et industrialisation packaging | Cellap Laboratoire S.A. | 2024/11/30 | 1618 Châtel-St-Denis,Ingénieur chargé de développement et industrialisation packaging,2024/11/30,1618 Châtel-St-Denis,100%,Durée indéterminée,Cellap Laboratoire S.A.,https://www.jobs.ch/fr/offres-emplois/detail/21680fc9-6ee8-4623-a41d-8a130c9d6540/?source=vacancy_search
Ingenieur Betriebsführung (m/w) | HYDRO Exploitation SA | 2024/11/30 | Sion,Ingenieur Betriebsführung (m/w),2024/11/30,Sion,100%,Durée indéterminée,HYDRO Exploitation SA,https://www.jobs.ch/fr/offres-emplois/detail/f214da5a-08f3-4bd4-bbc7-d429ea8d1b6a/?source=vacancy_search
Validation Engineer (m/w/d)* | SCHOTT Pharma Schweiz AG | 2024/11/02 | St. Gallen,Validation Engineer (m/w/d)*,2024/11/02,St. Gallen,100%,Durée indéterminée,SCHOTT Pharma Schweiz AG,https://www.jobs.ch/fr/offres-emplois/detail/d8318b98-de8b-4bc0-ba4e-963f34eeb91e/?source=vacancy_search
Ingénieur Gestion d'exploitation (h/f) | HYDRO Exploitation SA | 2024/11/30 | Sion,Ingénieur Gestion d'exploitation (h/f),2024/11/30,Sion,100%,Durée indéterminée,HYDRO Exploitation SA,https://www.jobs.ch/fr/offres-emplois/detail/0a8791b1-22de-4637-86ea-13ebb6e41d2a/?source=vacancy_search
Ingénieur IAM - CyberArk (f/m/d) | Bechtle Suisse SA | 2024/11/30 | Genève,Ingénieur IAM - CyberArk (f/m/d),2024/11/30,Genève,100%,Durée indéterminée,Bechtle Suisse SA,https://www.jobs.ch/fr/offres-emplois/detail/a77ce18c-aeee-4496-a8b9-f5b9b3cc6225/?source=vacancy_search
Technicien.ne.s ou ingénieur.e.s d’application spécialistes CAD / PDM | HURNI ENGINEERING Sàrl | 2024/11/30 | La Chaux-de-Fonds,Technicien.ne.s ou ingénieur.e.s d’application spécialistes CAD / PDM,2024/11/30,La Chaux-de-Fonds,100%,Durée indéterminée,HURNI ENGINEERING Sàrl,https://www.jobs.ch/fr/offres-emplois/detail/a8ece3b6-3da7-4094-8075-74b7a156a522/?source=vacancy_search
Un/e Ingénieur/e de Données | Fondation des Parkings | 2024/11/28 | 1211 Genève 26,Un/e Ingénieur/e de Données,2024/11/28,1211 Genève 26,100%,Durée indéterminée,Fondation des Parkings,https://www.jobs.ch/fr/offres-emplois/detail/36f9db12-d386-4d5c-bd66-edc2631e5aec/?source=vacancy_search
Investigations Lead | Randstad Inhouse Services | 2024/11/22 | Bern,Investigations Lead,2024/11/22,Bern,100%,"Durée indéterminée, Temporaire",Randstad Inhouse Services,https://www.jobs.ch/fr/offres-emplois/detail/f328b1cd-e0b9-4aa4-ac9d-f5a12cc5f270/?source=vacancy_search
SHE Ingenieur (m/w/d) | DSM-Firmenich | 2024/11/22 | Lalden,SHE Ingenieur (m/w/d),2024/11/22,Lalden,100%,Durée indéterminée,DSM-Firmenich,https://www.jobs.ch/fr/offres-emplois/detail/fb32064a-1974-400a-908a-0ce286e0bcfc/?source=vacancy_search
Ingenieur HLKS für Befestigungs-Lösungen (m/w/d) 100% | URFER Müpro Befestigungstechnik AG | 2024/11/19 | Beinwil am See,Ingenieur HLKS für Befestigungs-Lösungen (m/w/d) 100%,2024/11/19,Beinwil am See,100%,Durée indéterminée,URFER Müpro Befestigungstechnik AG,https://www.jobs.ch/fr/offres-emplois/detail/e2bf9ca7-f567-42a1-99d3-2751e6be1716/?source=vacancy_search
Ingénieur(e) HES ou technicien(ne) en géomatique (80 à 100%) | B+C Ingénieurs SA | 2024/11/27 | 1820 Montreux,Ingénieur(e) HES ou technicien(ne) en géomatique (80 à 100%),2024/11/27,1820 Montreux,80 – 100%,Durée indéterminée,B+C Ingénieurs SA,https://www.jobs.ch/fr/offres-emplois/detail/ac7e0490-719d-4ed6-87de-2d7972bc14bc/?source=vacancy_search
Senior Data Engineer | Viseca Payment Services SA | 2024/11/25 | Bedano,Senior Data Engineer,2024/11/25,Bedano,100%,Durée indéterminée,Viseca Payment Services SA,https://www.jobs.ch/fr/offres-emplois/detail/24b377cb-303b-4cc4-8da6-84d8706eb5ff/?source=vacancy_search
"Senior Cloud Data Engineer | ELCA Informatik AG | 2024/11/19 | Zürich, Basel & Bern",Senior Cloud Data Engineer,2024/11/19,"Zürich, Basel & Bern",80 – 100%,Durée indéterminée,ELCA Informatik AG,https://www.jobs.ch/fr/offres-emplois/detail/042a9579-6b29-43f5-9af5-8b2041d44b78/?source=vacancy_search
Jr. Data Engineer 60-80% | Mediapulse AG für Medienforschung | 2024/11/07 | Bern,Jr. Data Engineer 60-80%,2024/11/07,Bern,60 – 80%,Durée indéterminée,Mediapulse AG für Medienforschung,https://www.jobs.ch/fr/offres-emplois/detail/5e5e816d-b880-498e-ba80-1ef7fbcf92f7/?source=vacancy_search
Senior Data Engineer (a) 80-100% | Swiss Casinos | 2024/11/28 | Zürich,Senior Data Engineer (a) 80-100%,2024/11/28,Zürich,80 – 100%,Durée indéterminée,Swiss Casinos,https://www.jobs.ch/fr/offres-emplois/detail/8185ca03-8b04-470a-9314-a45f9c9774f1/?source=vacancy_search
Software & Data Engineer ETH / Uni / FH | Helbling Technik | 2024/11/18 | Aarau,Software & Data Engineer ETH / Uni / FH,2024/11/18,Aarau,80 – 100%,Durée indéterminée,Helbling Technik,https://www.jobs.ch/fr/offres-emplois/detail/2ee82584-53cb-4332-a992-047dde4d3eef/?source=vacancy_search
CMDB Administrator - Data Engineer 80% - 100% | L'Hôpital du Valais | 2024/11/29 | Sion,CMDB Administrator - Data Engineer 80% - 100%,2024/11/29,Sion,80 – 100%,Durée indéterminée,L'Hôpital du Valais,https://www.jobs.ch/fr/offres-emplois/detail/048c8dd1-1c9e-4b8a-b230-5ce333e2d5cf/?source=vacancy_search
Junior Software & Data Engineer (m/w/d) | VP Fund Solutions (Liechtenstein) AG | 2024/11/26 | Triesen,Junior Software & Data Engineer (m/w/d),2024/11/26,Triesen,100%,Durée indéterminée,VP Fund Solutions (Liechtenstein) AG,https://www.jobs.ch/fr/offres-emplois/detail/8917e581-1037-4585-98bf-0e93074e950f/?source=vacancy_search
(Senior) SAP BI Data Engineer (all genders) | AXA | 2024/11/25 | Winterthur,(Senior) SAP BI Data Engineer (all genders),2024/11/25,Winterthur,80 – 100%,Durée indéterminée,AXA,https://www.jobs.ch/fr/offres-emplois/detail/6a756084-f9b6-493e-a210-079456f99a4f/?source=vacancy_search
Data Analyst:in und Data Engineer für Service Operations | Swisscard AECS GmbH | 2024/11/28 | 8001,Data Analyst:in und Data Engineer für Service Operations,2024/11/28,8001,80 – 100%,Durée indéterminée,Swisscard AECS GmbH,https://www.jobs.ch/fr/offres-emplois/detail/956e647f-e3bb-4d79-aaae-a9ab7669a0b3/?source=vacancy_search
"Senior Data Engineer DWH, 80-100 % (w/m/d) | Swiss Life AG | 2024/11/07 | Zürich","Senior Data Engineer DWH, 80-100 % (w/m/d)",2024/11/07,Zürich,80 – 100%,Durée indéterminée,Swiss Life AG,https://www.jobs.ch/fr/offres-emplois/detail/98371da5-a8a6-48c0-83d2-3df9fdf62fa6/?source=vacancy_search
(Senior) Data Engineer for IoT Products (m/w/d) | Sensirion AG | 2024/11/18 | Stäfa,(Senior) Data Engineer for IoT Products (m/w/d),2024/11/18,Stäfa,80 – 100%,Durée indéterminée,Sensirion AG,https://www.jobs.ch/fr/offres-emplois/detail/043ff5e2-3f32-4118-b41a-5afb890023a5/?source=vacancy_search
Teamlead Data Science Zürich | ELCA Informatik AG | 2024/11/19 | Zürich Altstetten,Teamlead Data Science Zürich,2024/11/19,Zürich Altstetten,80 – 100%,Durée indéterminée,ELCA Informatik AG,https://www.jobs.ch/fr/offres-emplois/detail/1d631c77-8bf5-4029-8874-a7de590f68ff/?source=vacancy_search
Data Platform Lead (f/m/d) 80-100% | Alpiq | 2024/11/21 | Olten,Data Platform Lead (f/m/d) 80-100%,2024/11/21,Olten,80 – 100%,Durée indéterminée,Alpiq,https://www.jobs.ch/fr/offres-emplois/detail/69731145-b256-4a16-97ba-98fcbaeb8ba4/?source=vacancy_search
"Cloud Data Platform Expert/Architect | ELCA Informatik AG | 2024/11/20 | Zürich, Basel & Bern",Cloud Data Platform Expert/Architect,2024/11/20,"Zürich, Basel & Bern",80 – 100%,Durée indéterminée,ELCA Informatik AG,https://www.jobs.ch/fr/offres-emplois/detail/dc825f1b-c9e8-4ed8-b8ad-ec12efce346e/?source=vacancy_search
"(Senior) Data Platform Engineer | Digitec Galaxus AG | 2024/11/11 | Pfingstweidstrasse 60b, Zürich",(Senior) Data Platform Engineer,2024/11/11,"Pfingstweidstrasse 60b, Zürich",80 – 100%,Durée indéterminée,Digitec Galaxus AG,https://www.jobs.ch/fr/offres-emplois/detail/a8ba76cc-53ac-4b17-9410-02ff3a7cbd9f/?source=vacancy_search
Project coordinator and Data analyst | TRB CHEMEDICA INTERNATIONAL SA | 2024/11/30 | Carouge GE,Project coordinator and Data analyst,2024/11/30,Carouge GE,100%,Durée indéterminée,TRB CHEMEDICA INTERNATIONAL SA,https://www.jobs.ch/fr/offres-emplois/detail/c470ae72-31ed-46a7-a9b8-f8050c701462/?source=vacancy_search
Senior Backend Engineer (a)* | Ringier AG | 2024/11/29 | Zürich,Senior Backend Engineer (a)*,2024/11/29,Zürich,80 – 100%,Durée indéterminée,Ringier AG,https://www.jobs.ch/fr/offres-emplois/detail/60b6ccd4-edcc-42dd-a2c0-a9ac9afad0fe/?source=vacancy_search
Support Engineer (m/w/d) | swisselect ag | 2024/12/01 | Lyss,Support Engineer (m/w/d),2024/12/01,Lyss,100%,Durée indéterminée,swisselect ag,https://www.jobs.ch/fr/offres-emplois/detail/c4117645-d1ee-49cb-8598-0d267c4c4571/?source=vacancy_search
Quality System Engineer (12 months) | AliveDx | 2024/12/01 | Eysins,Quality System Engineer (12 months),2024/12/01,Eysins,100%,Temporaire,AliveDx,https://www.jobs.ch/fr/offres-emplois/detail/4b775167-c95e-4e8d-a8ed-dfd0ad2ddd96/?source=vacancy_search
Network and Infrastructure Engineer (f/m/d) | Bechtle Suisse SA | 2024/11/30 | 1223 Cologny,Network and Infrastructure Engineer (f/m/d),2024/11/30,1223 Cologny,100%,Durée indéterminée,Bechtle Suisse SA,https://www.jobs.ch/fr/offres-emplois/detail/afa18d6d-30cc-47ec-a612-9daa1a8e6dac/?source=vacancy_search
ICT System Engineer / Workplace Spezialist | Careerplus | 2024/12/01 | St. Gallen,ICT System Engineer / Workplace Spezialist,2024/12/01,St. Gallen,80 – 100%,Durée indéterminée,Careerplus,https://www.jobs.ch/fr/offres-emplois/detail/2cc5cc1d-d575-4209-b242-c81662ef51f9/?source=vacancy_search
Manufacturing Engineer 80 - 100 % (w/m/d) | Hamilton Bonaduz AG | 2024/12/01 | Bonaduz,Manufacturing Engineer 80 - 100 % (w/m/d),2024/12/01,Bonaduz,80 – 100%,Durée indéterminée,Hamilton Bonaduz AG,https://www.jobs.ch/fr/offres-emplois/detail/f21467ed-a8de-45e5-ae3b-77aa2eece267/?source=vacancy_search
Ingénieur Openshift (f/m/d) | Bechtle Suisse SA | 2024/12/01 | 1003 Lausanne,Ingénieur Openshift (f/m/d),2024/12/01,1003 Lausanne,100%,Durée indéterminée,Bechtle Suisse SA,https://www.jobs.ch/fr/offres-emplois/detail/f9d3f5a3-2368-43c3-81ba-2ffa41cb81b0/?source=vacancy_search
Production Engineer 80-100% | bNovate Technologies SA | 2024/11/30 | 1024 Ecublens,Production Engineer 80-100%,2024/11/30,1024 Ecublens,80 – 100%,Durée indéterminée,bNovate Technologies SA,https://www.jobs.ch/fr/offres-emplois/detail/51b5e416-5a85-4206-bab2-c65edc63951a/?source=vacancy_search
Software Engineer Abacus Schnittstellen und Data Analytics (60-100%) | Customize AG | 2024/11/25 | Winterthur,Software Engineer Abacus Schnittstellen und Data Analytics (60-100%),2024/11/25,Winterthur,60 – 100%,Durée indéterminée,Customize AG,https://www.jobs.ch/fr/offres-emplois/detail/ca0f055a-70da-4d9e-9239-a11ec22356ce/?source=vacancy_search
Technical Solution Engineer 80-100% (m/w) | Health Info Net AG | 2024/11/29 | Wallisellen,Technical Solution Engineer 80-100% (m/w),2024/11/29,Wallisellen,80 – 100%,Durée indéterminée,Health Info Net AG,https://www.jobs.ch/fr/offres-emplois/detail/2f83516b-584a-485e-9ec9-b4b4e64bd4f0/?source=vacancy_search
Infrastructure Security Engineer (80-100%) | Skyguide | 2024/11/29 | Geneva,Infrastructure Security Engineer (80-100%),2024/11/29,Geneva,80 – 100%,Durée indéterminée,Skyguide,https://www.jobs.ch/fr/offres-emplois/detail/282a6519-20bd-4dd9-982a-04c4cfe18b69/?source=vacancy_search
Service & Application Engineer / SAV (h/f/d) | POSALUX SA | 2024/11/30 | Bienne,Service & Application Engineer / SAV (h/f/d),2024/11/30,Bienne,100%,Durée indéterminée,POSALUX SA,https://www.jobs.ch/fr/offres-emplois/detail/b9dbdff0-7abe-4d53-a2f2-31ffa7a5f8f5/?source=vacancy_search
IT Network / Firewall Engineer 100% | Schurter AG | 2024/11/27 | Luzern,IT Network / Firewall Engineer 100%,2024/11/27,Luzern,100%,Durée indéterminée,Schurter AG,https://www.jobs.ch/fr/offres-emplois/detail/611eff6b-3336-4b01-bc47-d3301936afb9/?source=vacancy_search
Software Engineer JAVA | AKROS AG | 2024/11/29 | Bern,Software Engineer JAVA,2024/11/29,Bern,80 – 100%,Durée indéterminée,AKROS AG,https://www.jobs.ch/fr/offres-emplois/detail/843ca413-bf7f-44c8-a013-d30fb32af59a/?source=vacancy_search
Senior Data & AI Business Consultant | Scigility Switzerland AG | 2024/11/21 | Schweiz,Senior Data & AI Business Consultant,2024/11/21,Schweiz,80 – 100%,Durée indéterminée,Scigility Switzerland AG,https://www.jobs.ch/fr/offres-emplois/detail/535aad59-a6c9-4f2a-9b1d-77fa50651a49/?source=vacancy_search
Solution Integration Engineer | InfoSec Global (Schweiz) AG | 2024/11/04 | Zürich,Solution Integration Engineer,2024/11/04,Zürich,80 – 100%,Durée indéterminée,InfoSec Global (Schweiz) AG,https://www.jobs.ch/fr/offres-emplois/detail/33fe5d19-8dca-4b76-b80b-5b5e4ed3c955/?source=vacancy_search
"(Junior) Database DevOps Engineer (w/m/d) | Digitec Galaxus AG | 2024/11/28 | Pfingstweidstrasse 60b, Zürich",(Junior) Database DevOps Engineer (w/m/d),2024/11/28,"Pfingstweidstrasse 60b, Zürich",80 – 100%,Durée indéterminée,Digitec Galaxus AG,https://www.jobs.ch/fr/offres-emplois/detail/f66e4bd2-588c-4978-8146-6940f7190e38/?source=vacancy_search
Power Platform Engineer | Competec Service AG | 2024/11/09 | Mägenwil,Power Platform Engineer,2024/11/09,Mägenwil,100%,Durée indéterminée,Competec Service AG,https://www.jobs.ch/fr/offres-emplois/detail/f2adf3c4-f0c9-4c91-bda7-314e37ebbab2/?source=vacancy_search
Software Development Engineer in Test | AKROS AG | 2024/11/29 | Bern oder Biel,Software Development Engineer in Test,2024/11/29,Bern oder Biel,80 – 100%,Durée indéterminée,AKROS AG,https://www.jobs.ch/fr/offres-emplois/detail/4cba1e3c-88a8-426b-9c4d-915bc05f43c7/?source=vacancy_search
Fullstack Engineer 80 - 100 % (f/m/d) | Hamilton Medical AG | 2024/11/28 | Rapperswil-Jona,Fullstack Engineer 80 - 100 % (f/m/d),2024/11/28,Rapperswil-Jona,80 – 100%,Durée indéterminée,Hamilton Medical AG,https://www.jobs.ch/fr/offres-emplois/detail/1ed9281a-d10b-49ec-b13e-8a82fba85ab5/?source=vacancy_search
Infrastructure Security & System Engineer (w/m) 80%-100% | CAISSE DES MEDECINS | 2024/11/29 | Thônex,Infrastructure Security & System Engineer (w/m) 80%-100%,2024/11/29,Thônex,80 – 100%,Durée indéterminée,CAISSE DES MEDECINS,https://www.jobs.ch/fr/offres-emplois/detail/3576a5a1-67e7-4e22-83a8-d470ee80ae57/?source=vacancy_search
Data Architect | ti&m AG | 2024/11/02 | Zürich,Data Architect,2024/11/02,Zürich,80 – 100%,Durée indéterminée,ti&m AG,https://www.jobs.ch/fr/offres-emplois/detail/06736182-db69-4a45-bde9-8f734eaa7ea3/?source=vacancy_search
ICT Azure Engineer 80 - 100 % (w/m/d) | Hamilton Services AG | 2024/11/28 | Bonaduz,ICT Azure Engineer 80 - 100 % (w/m/d),2024/11/28,Bonaduz,80 – 100%,Durée indéterminée,Hamilton Services AG,https://www.jobs.ch/fr/offres-emplois/detail/c40dbc3c-c2bb-4b45-9615-c2ac192f525f/?source=vacancy_search
ICT-System/Network Engineer 80-100% (m/w) / Fest | Evergreen Human Resources AG | 2024/11/29 | St. Gallen,ICT-System/Network Engineer 80-100% (m/w) / Fest,2024/11/29,St. Gallen,100%,Durée indéterminée,Evergreen Human Resources AG,https://www.jobs.ch/fr/offres-emplois/detail/b5160d5e-7d85-4200-b95a-2981fa82ad79/?source=vacancy_search
Senior Cisco WLAN Engineer (w/m) | ITRIS One AG | 2024/11/20 | Reinach (BL) und Schönbühl (BE),Senior Cisco WLAN Engineer (w/m),2024/11/20,Reinach (BL) und Schönbühl (BE),100%,Durée indéterminée,ITRIS One AG,https://www.jobs.ch/fr/offres-emplois/detail/5b350739-fea8-4dab-be47-4ede247486a9/?source=vacancy_search
Robotics Lead Engineer for LunarLeaper | ETH Zürich | 2024/11/27 | Zurich,Robotics Lead Engineer for LunarLeaper,2024/11/27,Zurich,100%,Temporaire,ETH Zürich,https://www.jobs.ch/fr/offres-emplois/detail/a32445e2-4f9e-4568-81e4-dd339b1a166c/?source=vacancy_search
Technical Support Engineer 80 - 100 % (w/m/d) | Hamilton Bonaduz AG | 2024/11/29 | Bonaduz,Technical Support Engineer 80 - 100 % (w/m/d),2024/11/29,Bonaduz,80 – 100%,Durée indéterminée,Hamilton Bonaduz AG,https://www.jobs.ch/fr/offres-emplois/detail/17fc7d68-1b6c-4b52-b63d-be53df10d648/?source=vacancy_search
INGENIEUR(E) QUALITE PRODUCTION | DORNIER CONSULTING RH | 2024/11/30 | Berne,INGENIEUR(E) QUALITE PRODUCTION,2024/11/30,Berne,100%,Durée indéterminée,DORNIER CONSULTING RH,https://www.jobs.ch/fr/offres-emplois/detail/8d7389a6-6f6b-45ad-8887-a5a677bd1322/?source=vacancy_search
SENIOR DATA & ANALYTICS ENGINEER:IN 40% - 60% | 2BIT AG | 2024/10/31 | Dübendorf,SENIOR DATA & ANALYTICS ENGINEER:IN 40% - 60%,2024/10/31,Dübendorf,40 – 60%,Durée indéterminée,2BIT AG,https://www.jobs.ch/fr/offres-emplois/detail/2eca542d-ff87-4c1a-9e72-0dad15c42aa0/?source=vacancy_search
Senior Network and Voice Engineer 80-100% | Bystronic Laser AG | 2024/11/15 | Niederönz,Senior Network and Voice Engineer 80-100%,2024/11/15,Niederönz,80 – 100%,Durée indéterminée,Bystronic Laser AG,https://www.jobs.ch/fr/offres-emplois/detail/bc17f453-4a8f-4c85-992e-7a22ab7b1770/?source=vacancy_search
IT Technical Security Engineer | Viseca Payment Services SA | 2024/11/28 | Bedano,IT Technical Security Engineer,2024/11/28,Bedano,100%,Durée indéterminée,Viseca Payment Services SA,https://www.jobs.ch/fr/offres-emplois/detail/0e464c7e-fde3-4b86-9ca5-e8a499e143c8/?source=vacancy_search
Full-Stack Software Engineer 80 - 100 % (w/m/d) | Hamilton Medical AG | 2024/11/29 | Domat/Ems,Full-Stack Software Engineer 80 - 100 % (w/m/d),2024/11/29,Domat/Ems,80 – 100%,Durée indéterminée,Hamilton Medical AG,https://www.jobs.ch/fr/offres-emplois/detail/487297cd-d34d-4b67-9608-b85eec2da340/?source=vacancy_search
Cloud-Architekt / Engineer 80-100% (w/m/d) | kohler + partner | 2024/11/21 | Bern,Cloud-Architekt / Engineer 80-100% (w/m/d),2024/11/21,Bern,80 – 100%,Durée indéterminée,kohler + partner,https://www.jobs.ch/fr/offres-emplois/detail/4a3cbe8f-35a8-41ed-bfe6-65191be3c536/?source=vacancy_search
Application Security Engineer | InfoGuard AG | 2024/11/28 | Baar,Application Security Engineer,2024/11/28,Baar,80 – 100%,Durée indéterminée,InfoGuard AG,https://www.jobs.ch/fr/offres-emplois/detail/0167e1db-e635-4aaa-b7f2-ef30a9b8dc1e/?source=vacancy_search
FPGA Engineer (f/m/d) | Leica Geosystems AG | 2024/11/11 | Heerbrugg,FPGA Engineer (f/m/d),2024/11/11,Heerbrugg,100%,Durée indéterminée,Leica Geosystems AG,https://www.jobs.ch/fr/offres-emplois/detail/70c3d6b0-601e-428b-82a6-e7c1f21d9b57/?source=vacancy_search
Senior IT System Engineer 80-100% | Dialog Verwaltungs-Data AG | 2024/11/28 | Baldegg,Senior IT System Engineer 80-100%,2024/11/28,Baldegg,80 – 100%,Durée indéterminée,Dialog Verwaltungs-Data AG,https://www.jobs.ch/fr/offres-emplois/detail/a63f3416-d119-4caa-bf44-63f810347ada/?source=vacancy_search
DevOps Senior H/F (80 à 100%) | Planair | 2024/12/01 | Suisse romande,DevOps Senior H/F (80 à 100%),2024/12/01,Suisse romande,80 – 100%,Durée indéterminée,Planair,https://www.jobs.ch/fr/offres-emplois/detail/4728bf86-a489-48be-942a-d1d7086b5fb0/?source=vacancy_search
Ingénieur(e) en énergie et thermique du bâtiment (H/F) à 100% | PAC'info Sàrl | 2024/11/30 | Bex,Ingénieur(e) en énergie et thermique du bâtiment (H/F) à 100%,2024/11/30,Bex,100%,Durée indéterminée,PAC'info Sàrl,https://www.jobs.ch/fr/offres-emplois/detail/7a224fe3-6a5d-4dc5-bd10-851f92f5ee7f/?source=vacancy_search
"DevOps Engineer Container Platforms | Inventx AG | 2024/11/13 | Chur, The Circle/Zürich, St. Gallen, Home-Office",DevOps Engineer Container Platforms,2024/11/13,"Chur, The Circle/Zürich, St. Gallen, Home-Office",80 – 100%,Durée indéterminée,Inventx AG,https://www.jobs.ch/fr/offres-emplois/detail/1a187c16-1344-453b-87b4-18101b6e1d64/?source=vacancy_search
"Senior System Engineer Observability & Monitoring (a) | Bedag Informatik AG | 2024/11/28 | Bern, Engehaldenstrasse",Senior System Engineer Observability & Monitoring (a),2024/11/28,"Bern, Engehaldenstrasse",80%,Durée indéterminée,Bedag Informatik AG,https://www.jobs.ch/fr/offres-emplois/detail/4a46e2f5-4f09-4b90-a9a3-4bc4ece00cb9/?source=vacancy_search
Cloud Platform Engineer (w/m/d) | die Mobiliar | 2024/11/08 | Bern,Cloud Platform Engineer (w/m/d),2024/11/08,Bern,40 – 100%,Durée indéterminée,die Mobiliar,https://www.jobs.ch/fr/offres-emplois/detail/d7f09e12-961c-403e-a043-5ed2568d0048/?source=vacancy_search
ICT-Support Engineer (m/w) 80-100% / Fest | Evergreen Human Resources AG | 2024/11/28 | Zürich,ICT-Support Engineer (m/w) 80-100% / Fest,2024/11/28,Zürich,100%,Durée indéterminée,Evergreen Human Resources AG,https://www.jobs.ch/fr/offres-emplois/detail/679efffd-732a-48ce-8d9e-80c5fd615047/?source=vacancy_search
Senior Network Engineer 80-100 % (alle) | AEW Energie AG | 2024/11/27 | Aarau,Senior Network Engineer 80-100 % (alle),2024/11/27,Aarau,80 – 100%,Durée indéterminée,AEW Energie AG,https://www.jobs.ch/fr/offres-emplois/detail/3a24b8cd-ebf3-438c-b84f-476122219a0a/?source=vacancy_search
Linux and Openshift Engineer (Ref. 2678) | Bank J. Safra Sarasin AG | 2024/10/22 | Basel,Linux and Openshift Engineer (Ref. 2678),2024/10/22,Basel,100%,Durée indéterminée,Bank J. Safra Sarasin AG,https://www.jobs.ch/fr/offres-emplois/detail/9f7817e7-b6f8-4635-8fd5-68fda55ec5ff/?source=vacancy_search
(Senior) Data Scientist 80-100% (w/m/d) | Spotted by jobs.ch | 2024/11/20 | Stäfa,(Senior) Data Scientist 80-100% (w/m/d),2024/11/20,Stäfa,80 – 100%,Durée indéterminée,Spotted by jobs.ch,https://www.jobs.ch/fr/offres-emplois/detail/ccefd569-7fe9-4d32-a0ec-473b839e159b/?source=vacancy_search
Ingénieur - Responsable du secteur électromécanique | NEVIA | 2024/11/29 | Boudry,Ingénieur - Responsable du secteur électromécanique,2024/11/29,Boudry,100%,Durée indéterminée,NEVIA,https://www.jobs.ch/fr/offres-emplois/detail/ed4a8f96-e809-4987-8bae-1edbb489bf99/?source=vacancy_search
Product Management Support Specialist 100% | Schurter AG | 2024/11/30 | Europe,Product Management Support Specialist 100%,2024/11/30,Europe,100%,Durée indéterminée,Schurter AG,https://www.jobs.ch/fr/offres-emplois/detail/a0491fb2-efc0-4476-b6da-5a7f014fca0a/?source=vacancy_search
System & Cloud Engineer (80-100%) | Swiss GRC AG | 2024/11/05 | Luzern / Remote,System & Cloud Engineer (80-100%),2024/11/05,Luzern / Remote,80 – 100%,Durée indéterminée,Swiss GRC AG,https://www.jobs.ch/fr/offres-emplois/detail/ac375ce6-0ec8-4738-af5b-c073774d9589/?source=vacancy_search
Senior Software Engineer / Software Architekt 100% (a) | Stöcklin Logistik AG | 2024/11/28 | Jona,Senior Software Engineer / Software Architekt 100% (a),2024/11/28,Jona,100%,Durée indéterminée,Stöcklin Logistik AG,https://www.jobs.ch/fr/offres-emplois/detail/d8d8a09f-c930-4c36-9725-42399c210442/?source=vacancy_search
Software Engineer 80 - 100 % (w/m/d) | Hamilton Medical AG | 2024/11/28 | Bonaduz,Software Engineer 80 - 100 % (w/m/d),2024/11/28,Bonaduz,100%,Durée indéterminée,Hamilton Medical AG,https://www.jobs.ch/fr/offres-emplois/detail/af02dba2-50ab-4540-888c-2c06bc106c34/?source=vacancy_search
System Engineer (m/w) | univativ Schweiz AG | 2024/11/27 | Luzern,System Engineer (m/w),2024/11/27,Luzern,100%,Durée indéterminée,univativ Schweiz AG,https://www.jobs.ch/fr/offres-emplois/detail/48f74017-0ad8-441d-b88f-d7953b3c3a52/?source=vacancy_search
Cloud Security Engineer | United Security Providers AG | 2024/11/16 | Bern,Cloud Security Engineer,2024/11/16,Bern,80 – 100%,Durée indéterminée,United Security Providers AG,https://www.jobs.ch/fr/offres-emplois/detail/5d9f8f13-a126-42ca-952d-548fd1a20133/?source=vacancy_search
Lehrstelle Informatiker EFZ Plattformentwicklung (w/m) | ITRIS One AG | 2024/11/29 | Reinach,Lehrstelle Informatiker EFZ Plattformentwicklung (w/m),2024/11/29,Reinach,100%,Apprentissage,ITRIS One AG,https://www.jobs.ch/fr/offres-emplois/detail/a4b44e72-9d63-464d-b82d-e9a8cd2d5672/?source=vacancy_search
System Engineer M365 | Art of Work Personalberatung AG | 2024/11/21 | Luzern,System Engineer M365,2024/11/21,Luzern,100%,Durée indéterminée,Art of Work Personalberatung AG,https://www.jobs.ch/fr/offres-emplois/detail/eb93853b-dec0-4004-8809-b37c5c4f4391/?source=vacancy_search
Senior System Engineer D/E (m/w/d) | Persigo AG | 2024/11/25 | Sursee,Senior System Engineer D/E (m/w/d),2024/11/25,Sursee,100%,Durée indéterminée,Persigo AG,https://www.jobs.ch/fr/offres-emplois/detail/e4d15a2f-b18e-43b1-bb39-77caaa64928c/?source=vacancy_search
System Engineer Elektronik 80-100% | Glutz AG | 2024/11/27 | Wallisellen,System Engineer Elektronik 80-100%,2024/11/27,Wallisellen,80 – 100%,Durée indéterminée,Glutz AG,https://www.jobs.ch/fr/offres-emplois/detail/2de70cb5-5f4d-43f5-af68-369c9473e15b/?source=vacancy_search
Computational Neuroscientist / Electrophysiology Software Engineer (100%) | MaxWell Biosystems AG | 2024/11/27 | Zürich,Computational Neuroscientist / Electrophysiology Software Engineer (100%),2024/11/27,Zürich,100%,Durée indéterminée,MaxWell Biosystems AG,https://www.jobs.ch/fr/offres-emplois/detail/e6e1c315-c5ce-4922-ac15-c2594be9a681/?source=vacancy_search
Cloud/M365 Engineer 80-100% (w/m/d) | CHF 110 000 - 130 000 /an | 2024/11/13 | Bern,Cloud/M365 Engineer 80-100% (w/m/d),2024/11/13,Bern,80 – 100%,Durée indéterminée,CHF 110 000 - 130 000 /an,https://www.jobs.ch/fr/offres-emplois/detail/d8f5fa9c-774a-4193-a485-2441867e5c86/?source=vacancy_search
Software Engineer für Beatmungsgeräte 80 - 100 % (w/m/d) | Hamilton Medical AG | 2024/11/28 | Bonaduz,Software Engineer für Beatmungsgeräte 80 - 100 % (w/m/d),2024/11/28,Bonaduz,80 – 100%,Durée indéterminée,Hamilton Medical AG,https://www.jobs.ch/fr/offres-emplois/detail/92938857-1545-46fd-83fd-7cc799f11e06/?source=vacancy_search
IT System Engineer (80-100%) | Humanis AG | 2024/11/27 | Region Zürich,IT System Engineer (80-100%),2024/11/27,Region Zürich,80 – 100%,Durée indéterminée,Humanis AG,https://www.jobs.ch/fr/offres-emplois/detail/f67c7530-11e4-475a-9b64-9390ffccd5b2/?source=vacancy_search
Quality Engineer | Michael Page | 2024/11/12 | Lausanne,Quality Engineer,2024/11/12,Lausanne,100%,Durée indéterminée,Michael Page,https://www.jobs.ch/fr/offres-emplois/detail/e6fc3ab3-449b-4a78-b191-def1408f653d/?source=vacancy_search
Chef-fe de projets CVC ou CVCSER (confirmé-e) | Caeli ingénierie | 2024/11/30 | Carouge,Chef-fe de projets CVC ou CVCSER (confirmé-e),2024/11/30,Carouge,100%,Durée indéterminée,Caeli ingénierie,https://www.jobs.ch/fr/offres-emplois/detail/f34472c7-fce0-4dcb-b3a3-7baaa23ff048/?source=vacancy_search
"DevOps Engineer (part-time possible, all genders) | Accenture | 2024/11/04 | Basel|Bern|Genf|Lugano|Zürich","DevOps Engineer (part-time possible, all genders)",2024/11/04,Basel|Bern|Genf|Lugano|Zürich,100%,Durée indéterminée,Accenture,https://www.jobs.ch/fr/offres-emplois/detail/d90ccc7c-b486-461a-869b-3eed28364c80/?source=vacancy_search
Test Automation Engineer (m/w) | univativ Schweiz AG | 2024/11/27 | Luzern,Test Automation Engineer (m/w),2024/11/27,Luzern,80 – 100%,Temporaire,univativ Schweiz AG,https://www.jobs.ch/fr/offres-emplois/detail/bd12bb73-773f-49a6-bc2a-2bc29ad48cd9/?source=vacancy_search
Conducteur de travaux h/f | GI Group SA | 2024/11/30 | 1201 Genève,Conducteur de travaux h/f,2024/11/30,1201 Genève,100%,Durée indéterminée,GI Group SA,https://www.jobs.ch/fr/offres-emplois/detail/de383484-281b-4bef-bd0c-1f59c464263c/?source=vacancy_search
IT System Engineer (m/w) | univativ Schweiz AG | 2024/11/27 | Winterthur,IT System Engineer (m/w),2024/11/27,Winterthur,80 – 100%,Durée indéterminée,univativ Schweiz AG,https://www.jobs.ch/fr/offres-emplois/detail/2bf6fa06-608b-469a-843c-55ff9db616d4/?source=vacancy_search
Responsable de projets du Groupe Industrie Efficiente F/H* (80 à 100%) | Planair | 2024/11/30 | Carouge,Responsable de projets du Groupe Industrie Efficiente F/H* (80 à 100%),2024/11/30,Carouge,80 – 100%,Durée indéterminée,Planair,https://www.jobs.ch/fr/offres-emplois/detail/5af56229-c60e-40a6-baa7-96774b1d6a10/?source=vacancy_search
Software Engineer (C++) | Urban Games GmbH | 2024/11/26 | Schaffhausen,Software Engineer (C++),2024/11/26,Schaffhausen,100%,Durée indéterminée,Urban Games GmbH,https://www.jobs.ch/fr/offres-emplois/detail/9cb42d80-e28f-48e0-9730-037e1c73f645/?source=vacancy_search
"Senior Test Engineer (m/w, 80-100%) | TEA AG | 2024/11/27 | Wetzikon","Senior Test Engineer (m/w, 80-100%)",2024/11/27,Wetzikon,80 – 100%,Durée indéterminée,TEA AG,https://www.jobs.ch/fr/offres-emplois/detail/0eb3c632-b3ff-4330-a744-4fe7ab142327/?source=vacancy_search
Battery Systems Engineer (60-100%) | ABB Switzerland Ltd | 2024/11/08 | Baden-Dattwil / Aargau,Battery Systems Engineer (60-100%),2024/11/08,Baden-Dattwil / Aargau,60 – 100%,Durée indéterminée,ABB Switzerland Ltd,https://www.jobs.ch/fr/offres-emplois/detail/fc5aea14-affa-4aae-a129-d8c27459bc06/?source=vacancy_search
Kafka DevSecOps Engineer SAP Umfeld (w/m/d) | die Mobiliar | 2024/11/25 | Bern,Kafka DevSecOps Engineer SAP Umfeld (w/m/d),2024/11/25,Bern,40 – 100%,Durée indéterminée,die Mobiliar,https://www.jobs.ch/fr/offres-emplois/detail/511c4096-c0e8-46f0-ba01-2f58e8e38819/?source=vacancy_search
IT-System Engineer | VoiceLAn AG | 2024/10/04 | Urdorf,IT-System Engineer,2024/10/04,Urdorf,100%,Durée indéterminée,VoiceLAn AG,https://www.jobs.ch/fr/offres-emplois/detail/9bdce90c-c06d-4931-9016-a802c02b54a2/?source=vacancy_search
ICT System & Cloud Engineer 80-100 % (alle) | AEW Energie AG | 2024/10/18 | Aarau,ICT System & Cloud Engineer 80-100 % (alle),2024/10/18,Aarau,80 – 100%,Durée indéterminée,AEW Energie AG,https://www.jobs.ch/fr/offres-emplois/detail/8b3d9e14-fcaf-470a-b9ba-737f84e0367c/?source=vacancy_search
Network & Security Engineer (100 %) | Bank CIC (Schweiz) AG | 2024/10/28 | Basel,Network & Security Engineer (100 %),2024/10/28,Basel,100%,Durée indéterminée,Bank CIC (Schweiz) AG,https://www.jobs.ch/fr/offres-emplois/detail/0292cfb1-86fe-48f4-8e35-7af6c0f07432/?source=vacancy_search
Maintenance Planning Engineer (f/m/d) | Digital Realty Switzerland GmbH | 2024/11/06 | Zürich,Maintenance Planning Engineer (f/m/d),2024/11/06,Zürich,100%,Durée indéterminée,Digital Realty Switzerland GmbH,https://www.jobs.ch/fr/offres-emplois/detail/1360baba-bb94-4b1a-b92c-6091f726b959/?source=vacancy_search
Software Verification Engineer 80 - 100 % (w/m/d) | Hamilton Medical AG | 2024/11/26 | Bonaduz,Software Verification Engineer 80 - 100 % (w/m/d),2024/11/26,Bonaduz,80 – 100%,Durée indéterminée,Hamilton Medical AG,https://www.jobs.ch/fr/offres-emplois/detail/0dd1d31a-3ef1-47d4-9e3b-4dff56642c89/?source=vacancy_search
SYSTEM ENGINEER / Oracle DBA | the i-engineers | 2024/11/06 | Zürich,SYSTEM ENGINEER / Oracle DBA,2024/11/06,Zürich,80 – 100%,Durée indéterminée,the i-engineers,https://www.jobs.ch/fr/offres-emplois/detail/d6b71f2e-c812-4f2d-ad80-d1a8b4104cb7/?source=vacancy_search
Fullstack JavaScript Engineer @ AXA Gesundheitsvorsorge (all genders) | AXA | 2024/11/22 | Winterthur,Fullstack JavaScript Engineer @ AXA Gesundheitsvorsorge (all genders),2024/11/22,Winterthur,80 – 100%,Durée indéterminée,AXA,https://www.jobs.ch/fr/offres-emplois/detail/ec3cf433-acdc-4408-8eaf-70fedf34bed5/?source=vacancy_search
Maschinenbauingenieur FH (m/w/d) 80 - 100% | AXICOM HV AG | 2024/11/29 | Wohlen,Maschinenbauingenieur FH (m/w/d) 80 - 100%,2024/11/29,Wohlen,80 – 100%,Durée indéterminée,AXICOM HV AG,https://www.jobs.ch/fr/offres-emplois/detail/9766d605-9e1f-469c-9590-779e66eda26e/?source=vacancy_search
Studentische/n Mitarbeiter/in 40% mit IT-Background - Legal Engineer | Niederer Kraft Frey AG | 2024/11/15 | Zürich,Studentische/n Mitarbeiter/in 40% mit IT-Background - Legal Engineer,2024/11/15,Zürich,40%,Durée indéterminée,Niederer Kraft Frey AG,https://www.jobs.ch/fr/offres-emplois/detail/4dd8775b-0720-4563-a8e3-5a33885e6fe7/?source=vacancy_search
DWH Engineer 80-100% (w/m/d) | UBS Card Center AG | 2024/11/09 | Glattbrugg,DWH Engineer 80-100% (w/m/d),2024/11/09,Glattbrugg,80 – 100%,Durée indéterminée,UBS Card Center AG,https://www.jobs.ch/fr/offres-emplois/detail/fec9e312-074a-45e1-b2bb-e1e151ef5a83/?source=vacancy_search
Software Engineer Mobile | CyOne | 2024/11/01 | Steinhausen,Software Engineer Mobile,2024/11/01,Steinhausen,100%,Durée indéterminée,CyOne,https://www.jobs.ch/fr/offres-emplois/detail/aad3c958-9986-4ebf-a730-7dffd5cfd309/?source=vacancy_search
Software Engineer (m/w/d) | Bucher | 2024/11/22 | Niederweningen,Software Engineer (m/w/d),2024/11/22,Niederweningen,100%,Durée indéterminée,Bucher,https://www.jobs.ch/fr/offres-emplois/detail/bb73b5d3-da14-4165-a992-f933fc8a7223/?source=vacancy_search
Senior MES Expert with Business Analyst capabilities (f/m/d) | ITech Consult AG | 2024/11/29 | Basel,Senior MES Expert with Business Analyst capabilities (f/m/d),2024/11/29,Basel,60 – 100%,Indépendant,ITech Consult AG,https://www.jobs.ch/fr/offres-emplois/detail/3fb843fa-eea2-47ec-bedf-91961436225f/?source=vacancy_search
Application Engineer in Energy | Academic Work Switzerland SA | 2024/11/22 | Greater Zurich Area,Application Engineer in Energy,2024/11/22,Greater Zurich Area,100%,Durée indéterminée,Academic Work Switzerland SA,https://www.jobs.ch/fr/offres-emplois/detail/ffe5440b-777c-4e7e-a10b-1fb99d637c59/?source=vacancy_search
Senior System Engineer (80 - 100%) | Eidgenössisches Institut für Metrologie | 2024/11/11 | Bern-Wabern,Senior System Engineer (80 - 100%),2024/11/11,Bern-Wabern,80 – 100%,Durée indéterminée,Eidgenössisches Institut für Metrologie,https://www.jobs.ch/fr/offres-emplois/detail/8b08d870-fcc2-4c74-b729-119ae9015294/?source=vacancy_search
Cloud System Engineer | Kantonale Verwaltung Zürich | 2024/11/14 | Zürich,Cloud System Engineer,2024/11/14,Zürich,80 – 100%,Durée indéterminée,Kantonale Verwaltung Zürich,https://www.jobs.ch/fr/offres-emplois/detail/e7983f1f-9027-4d9b-b721-d2f4b613fa73/?source=vacancy_search
System Engineer (m/w/d) | Vertec AG | 2024/11/12 | Zürich,System Engineer (m/w/d),2024/11/12,Zürich,80 – 100%,Durée indéterminée,Vertec AG,https://www.jobs.ch/fr/offres-emplois/detail/79111466-bc4c-42a0-bfa6-ae66ed6b75b7/?source=vacancy_search
"Network Cyber Security Engineer 80 - 100% (m/w/d) | Netrics | 2024/11/20 | Bern, Biel, Glattbrugg, Steffisburg",Network Cyber Security Engineer 80 - 100% (m/w/d),2024/11/20,"Bern, Biel, Glattbrugg, Steffisburg",80 – 100%,Durée indéterminée,Netrics,https://www.jobs.ch/fr/offres-emplois/detail/a2560905-39c8-41cc-acfa-25465ab2c88d/?source=vacancy_search
Hardware Development Engineer Embedded Systems 80 - 100% (w/m/d) | Selectron Systems AG | 2024/11/20 | Lyss,Hardware Development Engineer Embedded Systems 80 - 100% (w/m/d),2024/11/20,Lyss,80 – 100%,Durée indéterminée,Selectron Systems AG,https://www.jobs.ch/fr/offres-emplois/detail/69b8f281-6f9b-4b82-8a22-cda0ebe6c105/?source=vacancy_search
Trading System Engineer (Ref. 1891) | Bank J. Safra Sarasin AG | 2024/10/28 | Zürich,Trading System Engineer (Ref. 1891),2024/10/28,Zürich,100%,Durée indéterminée,Bank J. Safra Sarasin AG,https://www.jobs.ch/fr/offres-emplois/detail/9d3838c3-41de-459f-a022-6e6629b1d7e5/?source=vacancy_search
Security Engineer 100% | Schurter AG | 2024/11/26 | Luzern,Security Engineer 100%,2024/11/26,Luzern,100%,Durée indéterminée,Schurter AG,https://www.jobs.ch/fr/offres-emplois/detail/16e1094c-3eb2-4bac-afb6-abe285a043b3/?source=vacancy_search
System Engineer (m/w/d) | Dacor Informatik AG | 2024/10/30 | Luzern,System Engineer (m/w/d),2024/10/30,Luzern,100%,Durée indéterminée,Dacor Informatik AG,https://www.jobs.ch/fr/offres-emplois/detail/9ee7af97-e506-4098-a210-4d354ff7310c/?source=vacancy_search
Software Engineer C#.NET | CyOne | 2024/10/14 | Steinhausen,Software Engineer C#.NET,2024/10/14,Steinhausen,100%,Durée indéterminée,CyOne,https://www.jobs.ch/fr/offres-emplois/detail/09963778-7655-4e83-89e1-483534f8471a/?source=vacancy_search
Power Electronics Engineer | Plexim GmbH | 2024/11/02 | Zürich,Power Electronics Engineer,2024/11/02,Zürich,80 – 100%,Durée indéterminée,Plexim GmbH,https://www.jobs.ch/fr/offres-emplois/detail/e415883f-295b-4194-9dcc-e5624ae9c2f7/?source=vacancy_search
Security Operations Engineer | United Security Providers AG | 2024/11/26 | Bern,Security Operations Engineer,2024/11/26,Bern,80 – 100%,Durée indéterminée,United Security Providers AG,https://www.jobs.ch/fr/offres-emplois/detail/94c0a956-2194-4987-9545-5c9641ac270b/?source=vacancy_search
Solution Engineer (m/w/d) | SKOOR GmbH | 2024/11/25 | Wallisellen,Solution Engineer (m/w/d),2024/11/25,Wallisellen,100%,Durée indéterminée,SKOOR GmbH,https://www.jobs.ch/fr/offres-emplois/detail/bf906e81-7e0c-4014-bfbb-95d905329120/?source=vacancy_search
Projektleiter - internationale Projekte / Anlagenbau Maschinenbau / Elektrotechnik | Kurath Engineering AG | 2024/11/29 | Stadt Zürich / Grossraum Zürich,Projektleiter - internationale Projekte / Anlagenbau Maschinenbau / Elektrotechnik,2024/11/29,Stadt Zürich / Grossraum Zürich,80 – 100%,Durée indéterminée,Kurath Engineering AG,https://www.jobs.ch/fr/offres-emplois/detail/be10b235-3a45-4957-908d-ec375ba76f6b/?source=vacancy_search
Flight Operations Engineer 80-100% | Zimex Aviation AG | 2024/11/15 | Glattbrugg,Flight Operations Engineer 80-100%,2024/11/15,Glattbrugg,80 – 100%,Durée indéterminée,Zimex Aviation AG,https://www.jobs.ch/fr/offres-emplois/detail/eff19708-f63d-4ebe-bead-c6e5b4e94444/?source=vacancy_search
"Senior Firmware Engineer (m/w/d) - Hast Du Lust, echte Innovation umzusetzen? | comtac AG | 2024/11/19 | Flurlingen","Senior Firmware Engineer (m/w/d) - Hast Du Lust, echte Innovation umzusetzen?",2024/11/19,Flurlingen,100%,Durée indéterminée,comtac AG,https://www.jobs.ch/fr/offres-emplois/detail/f502bcc0-070e-42d2-adcc-30cef7cff4a1/?source=vacancy_search
Java Software Engineer | United Security Providers AG | 2024/11/26 | Zürich,Java Software Engineer,2024/11/26,Zürich,80 – 100%,Durée indéterminée,United Security Providers AG,https://www.jobs.ch/fr/offres-emplois/detail/ce9edc92-a1cd-410c-bd40-1e554ae5bbf2/?source=vacancy_search
System Engineer Microsoft | Bundesamt für Informatik und Telekommunikation BIT | 2024/11/14 | Zollikofen,System Engineer Microsoft,2024/11/14,Zollikofen,80 – 100%,Durée indéterminée,Bundesamt für Informatik und Telekommunikation BIT,https://www.jobs.ch/fr/offres-emplois/detail/f93502d3-617e-4fb1-b11f-026cdcae38b2/?source=vacancy_search
System Engineer (100 %) | Bank CIC (Schweiz) AG | 2024/10/29 | Basel,System Engineer (100 %),2024/10/29,Basel,100%,Durée indéterminée,Bank CIC (Schweiz) AG,https://www.jobs.ch/fr/offres-emplois/detail/c7e12de0-9b5b-427c-a65c-ebd1e849007c/?source=vacancy_search
Infrastructure Security & System Engineer (w/m) | Ärztekasse Genossenschaft | 2024/11/18 | Urdorf,Infrastructure Security & System Engineer (w/m),2024/11/18,Urdorf,80 – 100%,Durée indéterminée,Ärztekasse Genossenschaft,https://www.jobs.ch/fr/offres-emplois/detail/b5cb6e27-5d5f-4dce-ae4e-1831c320d2a5/?source=vacancy_search
Senior Database Engineer 80-100% (w/m/d) | UBS Card Center AG | 2024/11/21 | Glattbrugg,Senior Database Engineer 80-100% (w/m/d),2024/11/21,Glattbrugg,80 – 100%,Durée indéterminée,UBS Card Center AG,https://www.jobs.ch/fr/offres-emplois/detail/6923a346-3d8c-42ac-8531-0eb4c4fa10f2/?source=vacancy_search
IT-Systems Engineer 80-100% | Gemeinde Hünenberg | 2024/11/08 | Hünenberg,IT-Systems Engineer 80-100%,2024/11/08,Hünenberg,80 – 100%,Durée indéterminée,Gemeinde Hünenberg,https://www.jobs.ch/fr/offres-emplois/detail/9b23c234-b266-42dd-81b5-1c9a83886ab5/?source=vacancy_search
Anwendungstechniker:in Application Engineer (80-100%) | J. SCHNEEBERGER Maschinen AG | 2024/11/15 | Roggwil BE,Anwendungstechniker:in Application Engineer (80-100%),2024/11/15,Roggwil BE,80 – 100%,Durée indéterminée,J. SCHNEEBERGER Maschinen AG,https://www.jobs.ch/fr/offres-emplois/detail/99a8a602-d2c9-40e0-abfb-e0142dac86d9/?source=vacancy_search
"System Engineer – Archiving (a) | Sonio AG | 2024/11/01 | Hybrid, Baar/ZG oder Zürich bzw. Wallisellen",System Engineer – Archiving (a),2024/11/01,"Hybrid, Baar/ZG oder Zürich bzw. Wallisellen",80 – 100%,Durée indéterminée,Sonio AG,https://www.jobs.ch/fr/offres-emplois/detail/00dfa3ff-18b7-4fb0-ac49-c24daf9639df/?source=vacancy_search
"Senior Automation Engineer Sisslerfeld (f/m/d), 100% | Bachem AG | 2024/11/14 | Bubendorf","Senior Automation Engineer Sisslerfeld (f/m/d), 100%",2024/11/14,Bubendorf,100%,Durée indéterminée,Bachem AG,https://www.jobs.ch/fr/offres-emplois/detail/0d742c64-6c7c-44c5-9cf1-140853395089/?source=vacancy_search
Ingénieur / Technicien en automation (h/f/d) Développement Software 80-100% | POSALUX SA | 2024/11/28 | 2504 Bienne,Ingénieur / Technicien en automation (h/f/d) Développement Software 80-100%,2024/11/28,2504 Bienne,80 – 100%,Durée indéterminée,POSALUX SA,https://www.jobs.ch/fr/offres-emplois/detail/431cd69a-e28e-447d-b9a6-be13e0ddb7b7/?source=vacancy_search
Ingénieur(e) civil responsable de région (m/w/d) 80-100% | Fischer Rista AG | 2024/11/28 | Suisse romande,Ingénieur(e) civil responsable de région (m/w/d) 80-100%,2024/11/28,Suisse romande,80 – 100%,Durée indéterminée,Fischer Rista AG,https://www.jobs.ch/fr/offres-emplois/detail/23817596-4cfd-4416-9de4-5851de323c25/?source=vacancy_search
IT Systems Engineer 100% | Schurter AG | 2024/11/26 | Luzern,IT Systems Engineer 100%,2024/11/26,Luzern,100%,Durée indéterminée,Schurter AG,https://www.jobs.ch/fr/offres-emplois/detail/c83accb5-8958-4262-914b-e5eccd9394d0/?source=vacancy_search
"Schienenfahrzeugtechnik - Konstrukteur mit Inventor-Erfahrung - Juniors auch willkommen | Kurath Engineering AG | 2024/11/29 | Olten, Zürich",Schienenfahrzeugtechnik - Konstrukteur mit Inventor-Erfahrung - Juniors auch willkommen,2024/11/29,"Olten, Zürich",80 – 100%,"Durée indéterminée, Temporaire",Kurath Engineering AG,https://www.jobs.ch/fr/offres-emplois/detail/81bbc44d-ef44-4aba-9346-8f6c41ab588a/?source=vacancy_search
ICT System Engineer (a) | Rittmeyer AG | 2024/11/26 | Baar,ICT System Engineer (a),2024/11/26,Baar,100%,Durée indéterminée,Rittmeyer AG,https://www.jobs.ch/fr/offres-emplois/detail/9390664b-d754-44ff-8467-c140eb61ce0d/?source=vacancy_search
Leiter/in Fachbereich Öffentlichkeitsarbeit 70-100% | Proviande Genossenschaft | 2024/11/29 | Bern,Leiter/in Fachbereich Öffentlichkeitsarbeit 70-100%,2024/11/29,Bern,70 – 100%,Durée indéterminée,Proviande Genossenschaft,https://www.jobs.ch/fr/offres-emplois/detail/0fbe9f51-ae0b-4bbe-b0f1-a9025aceee81/?source=vacancy_search
Leiter Abteilung Bau und Umwelt (m/w/d) | CHRONOS Personalberatung | 2024/11/29 | Freiamt / Aarau,Leiter Abteilung Bau und Umwelt (m/w/d),2024/11/29,Freiamt / Aarau,100%,Durée indéterminée,CHRONOS Personalberatung,https://www.jobs.ch/fr/offres-emplois/detail/c2b6976f-e93d-463c-9706-bbd2312d195f/?source=vacancy_search
Software Engineer iOS (m/w/x) (80-100%) | CHF 90 000 - 110 000 /an | 2024/11/06 | Pfäffikon,Software Engineer iOS (m/w/x) (80-100%),2024/11/06,Pfäffikon,80 – 100%,Durée indéterminée,CHF 90 000 - 110 000 /an,https://www.jobs.ch/fr/offres-emplois/detail/60c87dcf-52f3-4a74-9460-33886abe359b/?source=vacancy_search
"Projektleiter:in Public | AKROS AG | 2024/11/29 | Bern, Biel, Zürich oder Luzern",Projektleiter:in Public,2024/11/29,"Bern, Biel, Zürich oder Luzern",80 – 100%,Durée indéterminée,AKROS AG,https://www.jobs.ch/fr/offres-emplois/detail/24fccd0b-8015-4164-937b-7f8af85d6640/?source=vacancy_search
Sales Engineer m/w/d 100% | Rauscher & Stoecklin AG | 2024/11/07 | Sissach,Sales Engineer m/w/d 100%,2024/11/07,Sissach,100%,Durée indéterminée,Rauscher & Stoecklin AG,https://www.jobs.ch/fr/offres-emplois/detail/3ecbfa64-406b-4e14-b3ae-301c080d7b0e/?source=vacancy_search
"Business Analyst Public | AKROS AG | 2024/11/29 | Bern, Biel, Zürich oder Luzern",Business Analyst Public,2024/11/29,"Bern, Biel, Zürich oder Luzern",80 – 100%,Durée indéterminée,AKROS AG,https://www.jobs.ch/fr/offres-emplois/detail/a39793a2-e207-41f0-9b2a-a5f93b64a600/?source=vacancy_search
Motion and Electrical Engineer | Georg Fischer | 2024/11/17 | Losone,Motion and Electrical Engineer,2024/11/17,Losone,100%,Durée indéterminée,Georg Fischer,https://www.jobs.ch/fr/offres-emplois/detail/cf86a02a-0b85-4712-9e2e-7174488d18c0/?source=vacancy_search
"Software engineer 80% or more, flextime | Paul Scherrer Institut | 2024/11/19 | Villigen PSI","Software engineer 80% or more, flextime",2024/11/19,Villigen PSI,80 – 100%,Durée indéterminée,Paul Scherrer Institut,https://www.jobs.ch/fr/offres-emplois/detail/867a543a-e179-4d36-bef1-def93512a883/?source=vacancy_search
(Senior) IAM System Engineer | ti&m AG | 2024/11/14 | Zürich,(Senior) IAM System Engineer,2024/11/14,Zürich,80 – 100%,Durée indéterminée,ti&m AG,https://www.jobs.ch/fr/offres-emplois/detail/f48d0c19-f426-4aab-a027-0cce7e54938b/?source=vacancy_search
Test Engineer (100 %) | Bank CIC (Schweiz) AG | 2024/10/18 | Basel,Test Engineer (100 %),2024/10/18,Basel,100%,Durée indéterminée,Bank CIC (Schweiz) AG,https://www.jobs.ch/fr/offres-emplois/detail/ad051259-3abd-40ca-bc9a-1678696493f3/?source=vacancy_search
Senior Software Engineer Azure/.NET | Avantic AG | 2024/11/16 | Glattbrugg,Senior Software Engineer Azure/.NET,2024/11/16,Glattbrugg,60 – 100%,Durée indéterminée,Avantic AG,https://www.jobs.ch/fr/offres-emplois/detail/99837d09-4f92-4619-9c55-d8bf5a62a2bf/?source=vacancy_search
IT Onsite Technician (L2) in Basel und Kaiseraugst | Hemmersbach Switzerland AG | 2024/11/28 | Basel und Kaiseraugst,IT Onsite Technician (L2) in Basel und Kaiseraugst,2024/11/28,Basel und Kaiseraugst,100%,Durée indéterminée,Hemmersbach Switzerland AG,https://www.jobs.ch/fr/offres-emplois/detail/aeed13ba-ee47-42fd-a591-4ddb86184cb6/?source=vacancy_search
Senior Java Software Engineer | Sopra Steria AG | 2024/11/01 | Urdorf,Senior Java Software Engineer,2024/11/01,Urdorf,80 – 100%,Durée indéterminée,Sopra Steria AG,https://www.jobs.ch/fr/offres-emplois/detail/652b4e39-df48-4980-adb8-a911ecefaf04/?source=vacancy_search
Sales Engineer medizinische Investitionsgüter | Stettler Consulting AG | 2024/11/14 | Schweiz,Sales Engineer medizinische Investitionsgüter,2024/11/14,Schweiz,100%,Durée indéterminée,Stettler Consulting AG,https://www.jobs.ch/fr/offres-emplois/detail/738fee39-b35b-4a04-a4ce-be3b4dbc6251/?source=vacancy_search
Responsable qualité-contrôle-métrologie (H/F) | MPS Micro Precision System AG | 2024/11/29 | 2504 Bienne,Responsable qualité-contrôle-métrologie (H/F),2024/11/29,2504 Bienne,100%,Durée indéterminée,MPS Micro Precision System AG,https://www.jobs.ch/fr/offres-emplois/detail/8e2c380d-e65e-4941-a831-3f7ebc8ff1b1/?source=vacancy_search
PROJECT ENGINEER AUTOMATION (w/m/d) | ANDRITZ | 2024/10/29 | Kriens,PROJECT ENGINEER AUTOMATION (w/m/d),2024/10/29,Kriens,100%,Durée indéterminée,ANDRITZ,https://www.jobs.ch/fr/offres-emplois/detail/c2166769-f31e-4980-9db1-3519c444e934/?source=vacancy_search
Sales Engineer Westschweiz (80-100%) | Bachmann Engineering AG | 2024/11/04 | Zofingen,Sales Engineer Westschweiz (80-100%),2024/11/04,Zofingen,80 – 100%,Durée indéterminée,Bachmann Engineering AG,https://www.jobs.ch/fr/offres-emplois/detail/aa96126c-331b-4f96-8243-2dcb989fce86/?source=vacancy_search
Application Support Engineer 100% | Swiss GRC AG | 2024/11/05 | Luzern / Remote,Application Support Engineer 100%,2024/11/05,Luzern / Remote,100%,Durée indéterminée,Swiss GRC AG,https://www.jobs.ch/fr/offres-emplois/detail/f2674524-1371-4cef-ac91-fbf150924a12/?source=vacancy_search
Ingénieure ou ingénieur système senior (80 - 100%) | Eidgenössisches Institut für Metrologie | 2024/11/14 | Bern-Wabern,Ingénieure ou ingénieur système senior (80 - 100%),2024/11/14,Bern-Wabern,80 – 100%,Durée indéterminée,Eidgenössisches Institut für Metrologie,https://www.jobs.ch/fr/offres-emplois/detail/f6718629-21bb-477e-b81e-5bea4dc504a7/?source=vacancy_search
System Engineer Space C2I | RUAG AG | 2024/11/14 | Thun,System Engineer Space C2I,2024/11/14,Thun,80 – 100%,Durée indéterminée,RUAG AG,https://www.jobs.ch/fr/offres-emplois/detail/012e503a-ab24-41de-84b0-57e7cba219da/?source=vacancy_search
ICT System Engineer 100% | Sihltal Zürich Uetliberg Bahn SZU AG | 2024/11/01 | Zürich,ICT System Engineer 100%,2024/11/01,Zürich,100%,Durée indéterminée,Sihltal Zürich Uetliberg Bahn SZU AG,https://www.jobs.ch/fr/offres-emplois/detail/bf2aee60-bd41-4ec6-b8d3-94a5bf80ad72/?source=vacancy_search
Software Engineer Avaloq (100 %) | Bank CIC (Schweiz) AG | 2024/11/05 | Basel,Software Engineer Avaloq (100 %),2024/11/05,Basel,100%,Durée indéterminée,Bank CIC (Schweiz) AG,https://www.jobs.ch/fr/offres-emplois/detail/97339093-54ed-4fea-abdc-7400e5d58818/?source=vacancy_search
Quality Engineer im BI-Umfeld (w/m/d) | die Mobiliar | 2024/11/11 | Bern,Quality Engineer im BI-Umfeld (w/m/d),2024/11/11,Bern,40 – 100%,Durée indéterminée,die Mobiliar,https://www.jobs.ch/fr/offres-emplois/detail/d0238da3-63eb-4c9b-a65e-8dd5cde2c126/?source=vacancy_search
JUNIOR APPLICATION ENGINEER (w/m/d) 60-100% | Goldbach Neo OOH AG | 2024/11/20 | Hünenberg,JUNIOR APPLICATION ENGINEER (w/m/d) 60-100%,2024/11/20,Hünenberg,60 – 100%,Durée indéterminée,Goldbach Neo OOH AG,https://www.jobs.ch/fr/offres-emplois/detail/4dcd2759-240a-4b95-ba04-8456e9dedba7/?source=vacancy_search
"Senior Network und Security Engineer 80 - 100 % (w/m/d) | Bechtle Schweiz AG, Systemhaus Deutschschweiz | 2024/11/13 | Pratteln oder Basel",Senior Network und Security Engineer 80 - 100 % (w/m/d),2024/11/13,Pratteln oder Basel,80 – 100%,Durée indéterminée,"Bechtle Schweiz AG, Systemhaus Deutschschweiz",https://www.jobs.ch/fr/offres-emplois/detail/8a9f4cd5-2c81-4d11-9adc-32b945c6fbec/?source=vacancy_search
